BudgetID,Year,Month,DepartmentID,BudgetRevenue,BudgetExpense,BudgetProfit
1,2023,January,1,446997.41,249649.61,197347.8
2,2023,January,2,124129.08,91542.57,32586.51
3,2023,January,3,303300.01,196853.93,106446.08
4,2023,January,4,115051.89,84422.52,30629.37
5,2023,January,5,225658.17,148937.64,76720.53
6,2023,January,6,126960.81,77187.7,49773.11
7,2023,January,7,472229.64,368037.52,104192.12
8,2023,January,8,362645.86,287748.32,74897.54
9,2023,January,9,429156.96,307448.44,121708.52
10,2023,January,10,289634.68,208295.81,81338.87
11,2023,January,11,121887.57,73198.36,48689.21
12,2023,January,12,114468.47,57409.58,57058.89
13,2023,January,13,258834.73,165458.37,93376.36
14,2023,January,14,295956.27,232486.26,63470.01
15,2023,January,15,304086.66,200749.89,103336.77
16,2023,January,16,420963.35,245450.07,175513.28
17,2023,January,17,167521.92,101134.16,66387.76
18,2023,January,18,398489.46,263278.82,135210.64
19,2023,January,19,176153.23,101045.19,75108.04
20,2023,January,20,301925.53,234077.79,67847.74
21,2023,February,1,364708.13,211749.67,152958.46
22,2023,February,2,143099.72,106635.58,36464.14
23,2023,February,3,317412.3,177656.63,139755.67
24,2023,February,4,457237.83,323313.81,133924.02
25,2023,February,5,275191.2,202351.08,72840.12
26,2023,February,6,260936.23,187751.06,73185.17
27,2023,February,7,499836.02,301074.9,198761.12
28,2023,February,8,102296.52,58161.04,44135.48
29,2023,February,9,321856.62,227765.25,94091.37
30,2023,February,10,132313.84,86962.89,45350.95
31,2023,February,11,220826.77,141588.7,79238.07
32,2023,February,12,347029.79,182503.46,164526.33
33,2023,February,13,316258.83,181932.85,134325.98
34,2023,February,14,323635.76,211540.68,112095.08
35,2023,February,15,282415.73,185619.83,96795.9
36,2023,February,16,135360.18,90153.59,45206.59
37,2023,February,17,127633.07,82957.32,44675.75
38,2023,February,18,183712.15,133436.65,50275.5
39,2023,February,19,475981.7,374332.44,101649.26
40,2023,February,20,137326.55,82132.74,55193.81
41,2023,March,1,203838.29,149154.59,54683.7
42,2023,March,2,125848.74,64032.62,61816.12
43,2023,March,3,344938.73,212155.97,132782.76
44,2023,March,4,361582.77,261189.31,100393.46
45,2023,March,5,339487.39,268893.74,70593.65
46,2023,March,6,478455.13,265610.87,212844.26
47,2023,March,7,418150.18,295000.7,123149.48
48,2023,March,8,393083.51,245703.62,147379.89
49,2023,March,9,407305.12,323954.13,83350.99
50,2023,March,10,233667.03,149226.86,84440.17
51,2023,March,11,288193.6,204439.25,83754.35
52,2023,March,12,432850.93,232103.58,200747.35
53,2023,March,13,162051.92,91372.05,70679.87
54,2023,March,14,330142.37,263694.99,66447.38
55,2023,March,15,324454.17,256029.37,68424.8
56,2023,March,16,376004.35,245794.9,130209.45
57,2023,March,17,266833.2,206998.41,59834.79
58,2023,March,18,122297.73,83448.96,38848.77
59,2023,March,19,432993.29,274263.25,158730.04
60,2023,March,20,243549.12,172456.64,71092.48
61,2023,April,1,261759.62,168988.31,92771.31
62,2023,April,2,438575.78,341219.99,97355.79
63,2023,April,3,427123.61,265713.19,161410.42
64,2023,April,4,275818.11,213853.63,61964.48
65,2023,April,5,285024.4,145942.75,139081.65
66,2023,April,6,324770.82,194363.89,130406.93
67,2023,April,7,112765.16,73099.97,39665.19
68,2023,April,8,280870.98,196644.78,84226.2
69,2023,April,9,101731.06,65281.02,36450.04
70,2023,April,10,332477.74,194084.87,138392.87
71,2023,April,11,172094.73,90619.96,81474.77
72,2023,April,12,349007.73,214599.38,134408.35
73,2023,April,13,300478.35,176225.45,124252.9
74,2023,April,14,472371.5,250648.22,221723.28
75,2023,April,15,497571.34,280789.68,216781.66
76,2023,April,16,498190.34,365739.81,132450.53
77,2023,April,17,430453.47,326915.57,103537.9
78,2023,April,18,197860.71,133107.34,64753.37
79,2023,April,19,449684.73,345393.19,104291.54
80,2023,April,20,182429.71,141043.78,41385.93
81,2023,May,1,469879.18,364998.33,104880.85
82,2023,May,2,494295.07,258097.8,236197.27
83,2023,May,3,483484.77,369553.75,113931.02
84,2023,May,4,108676.46,59759.22,48917.24
85,2023,May,5,309450.11,187743.62,121706.49
86,2023,May,6,127737.62,95905.35,31832.27
87,2023,May,7,455324.71,244076.59,211248.12
88,2023,May,8,380715.79,292249.82,88465.97
89,2023,May,9,415306.71,316254.42,99052.29
90,2023,May,10,396840.89,284913.39,111927.5
91,2023,May,11,372735.06,263117.55,109617.51
92,2023,May,12,284875.57,196730.85,88144.72
93,2023,May,13,189246.68,114303.85,74942.83
94,2023,May,14,182540.73,128000.94,54539.79
95,2023,May,15,101868.11,55344.52,46523.59
96,2023,May,16,454328.97,352785.83,101543.14
97,2023,May,17,438386.18,228228.55,210157.63
98,2023,May,18,343621.68,209333.15,134288.53
99,2023,May,19,237512.32,143011.17,94501.15
100,2023,May,20,429861.6,223570.33,206291.27
101,2023,June,1,421216.91,315302.59,105914.32
102,2023,June,2,153207.92,84468.96,68738.96
103,2023,June,3,102761.58,74168.3,28593.28
104,2023,June,4,324559.98,227026.73,97533.25
105,2023,June,5,459862.85,300355.19,159507.66
106,2023,June,6,296378.85,201000.03,95378.82
107,2023,June,7,135727.96,77725.01,58002.95
108,2023,June,8,223968.41,175328.38,48640.03
109,2023,June,9,246152.07,127495.49,118656.58
110,2023,June,10,291248.53,197179.44,94069.09
111,2023,June,11,278493.08,196433.45,82059.63
112,2023,June,12,274890.13,191136.82,83753.31
113,2023,June,13,292273.46,163184.01,129089.45
114,2023,June,14,242719.46,185572.86,57146.6
115,2023,June,15,197245.81,136714.04,60531.77
116,2023,June,16,238935.4,128384.69,110550.71
117,2023,June,17,125993.96,82954.1,43039.86
118,2023,June,18,311272.39,190831.37,120441.02
119,2023,June,19,351599.71,247274.78,104324.93
120,2023,June,20,340380.43,177790.08,162590.35
121,2023,July,1,344941.59,237768.2,107173.39
122,2023,July,2,305701.33,200936.09,104765.24
123,2023,July,3,159095.37,105497.88,53597.49
124,2023,July,4,281160.03,160007.53,121152.5
125,2023,July,5,351425.11,252223.22,99201.89
126,2023,July,6,177624.27,124802.96,52821.31
127,2023,July,7,100979.62,50861.34,50118.28
128,2023,July,8,430636.21,259590.57,171045.64
129,2023,July,9,425937.25,245501.72,180435.53
130,2023,July,10,287779.26,184286.81,103492.45
131,2023,July,11,149011.33,108712.73,40298.6
132,2023,July,12,415803.5,294630.67,121172.83
133,2023,July,13,104325.91,83014.55,21311.36
134,2023,July,14,243683.29,192611.54,51071.75
135,2023,July,15,435972.99,307711.86,128261.13
136,2023,July,16,256484.68,185564.24,70920.44
137,2023,July,17,213138.99,112785.9,100353.09
138,2023,July,18,387372.55,223138.24,164234.31
139,2023,July,19,325012.56,232879.15,92133.41
140,2023,July,20,181913.97,104204.36,77709.61
141,2023,August,1,141547.06,92499.12,49047.94
142,2023,August,2,160046.99,85242.85,74804.14
143,2023,August,3,173759.26,115994.83,57764.43
144,2023,August,4,388540.15,239302.1,149238.05
145,2023,August,5,364294.04,249950.55,114343.49
146,2023,August,6,276739.46,206941.05,69798.41
147,2023,August,7,230146.25,136677.07,93469.18
148,2023,August,8,277631.96,201806.66,75825.3
149,2023,August,9,392094.68,313306.38,78788.3
150,2023,August,10,290229.08,206125.63,84103.45
151,2023,August,11,287813.41,170270.16,117543.25
152,2023,August,12,334520.67,201323.66,133197.01
153,2023,August,13,358116.98,269310.74,88806.24
154,2023,August,14,427031.99,288396.9,138635.09
155,2023,August,15,470142.91,339718.75,130424.16
156,2023,August,16,162390.04,99651.51,62738.53
157,2023,August,17,140606.01,100777.2,39828.81
158,2023,August,18,351639.79,271119.69,80520.1
159,2023,August,19,358748.55,279945.41,78803.14
160,2023,August,20,230181.09,141662.19,88518.9
161,2023,September,1,350980.52,195706.55,155273.97
162,2023,September,2,189444.72,117582.91,71861.81
163,2023,September,3,130716.25,82921.22,47795.03
164,2023,September,4,355452.21,248558.71,106893.5
165,2023,September,5,300058.13,225418.99,74639.14
166,2023,September,6,275550.52,143245.88,132304.64
167,2023,September,7,435078.92,218343.42,216735.5
168,2023,September,8,220958.38,113122.47,107835.91
169,2023,September,9,202197.19,138192.93,64004.26
170,2023,September,10,312264.91,194901.01,117363.9
171,2023,September,11,385610.79,297026.03,88584.76
172,2023,September,12,400789.89,236391.89,164398.0
173,2023,September,13,403534.75,270428.48,133106.27
174,2023,September,14,236368.15,172036.86,64331.29
175,2023,September,15,176958.04,141457.29,35500.75
176,2023,September,16,108717.51,85638.23,23079.28
177,2023,September,17,283730.57,221095.47,62635.1
178,2023,September,18,331093.66,167741.9,163351.76
179,2023,September,19,472442.47,244909.36,227533.11
180,2023,September,20,481172.51,274259.44,206913.07
181,2023,October,1,221971.52,138508.95,83462.57
182,2023,October,2,408889.17,237714.0,171175.17
183,2023,October,3,436264.63,276948.73,159315.9
184,2023,October,4,425823.17,262989.67,162833.5
185,2023,October,5,341411.03,253984.57,87426.46
186,2023,October,6,228442.36,178901.98,49540.38
187,2023,October,7,100099.44,53112.39,46987.05
188,2023,October,8,132106.22,91661.46,40444.76
189,2023,October,9,496921.26,390047.78,106873.48
190,2023,October,10,446874.93,330398.72,116476.21
191,2023,October,11,381138.45,272587.64,108550.81
192,2023,October,12,420452.78,215333.8,205118.98
193,2023,October,13,283993.46,171791.58,112201.88
194,2023,October,14,195661.69,152261.82,43399.87
195,2023,October,15,377807.14,288237.48,89569.66
196,2023,October,16,272877.63,176053.56,96824.07
197,2023,October,17,264737.16,149604.96,115132.2
198,2023,October,18,494362.98,298332.92,196030.06
199,2023,October,19,259450.11,175838.88,83611.23
200,2023,October,20,311803.04,239984.06,71818.98
201,2023,November,1,478435.96,316866.15,161569.81
202,2023,November,2,159625.0,124498.45,35126.55
203,2023,November,3,105546.96,66571.3,38975.66
204,2023,November,4,236225.06,162305.77,73919.29
205,2023,November,5,241081.34,132197.1,108884.24
206,2023,November,6,149357.66,87719.62,61638.04
207,2023,November,7,309233.28,165023.97,144209.31
208,2023,November,8,250481.76,135040.97,115440.79
209,2023,November,9,111307.32,67238.27,44069.05
210,2023,November,10,254585.89,160136.53,94449.36
211,2023,November,11,358887.88,232278.09,126609.79
212,2023,November,12,484394.08,348737.94,135656.14
213,2023,November,13,422618.74,232607.95,190010.79
214,2023,November,14,266175.44,163078.85,103096.59
215,2023,November,15,247562.48,173562.49,73999.99
216,2023,November,16,149047.15,118521.83,30525.32
217,2023,November,17,384267.01,275886.81,108380.2
218,2023,November,18,460857.91,291972.67,168885.24
219,2023,November,19,349529.51,270195.02,79334.49
220,2023,November,20,444278.31,223291.61,220986.7
221,2023,December,1,277002.55,145514.81,131487.74
222,2023,December,2,134568.89,106470.16,28098.73
223,2023,December,3,242361.71,133781.89,108579.82
224,2023,December,4,180493.85,121996.9,58496.95
225,2023,December,5,483464.85,263637.34,219827.51
226,2023,December,6,431969.52,275044.25,156925.27
227,2023,December,7,400945.02,258960.66,141984.36
228,2023,December,8,122314.95,95185.13,27129.82
229,2023,December,9,483710.87,263317.9,220392.97
230,2023,December,10,203148.09,126766.62,76381.47
231,2023,December,11,449367.91,303833.11,145534.8
232,2023,December,12,306760.27,200665.72,106094.55
233,2023,December,13,117120.72,74796.52,42324.2
234,2023,December,14,407838.12,299449.04,108389.08
235,2023,December,15,144118.93,75055.46,69063.47
236,2023,December,16,328776.07,240948.64,87827.43
237,2023,December,17,484265.56,365664.15,118601.41
238,2023,December,18,270423.28,187812.29,82610.99
239,2023,December,19,490023.73,251652.59,238371.14
240,2023,December,20,185761.87,107932.09,77829.78
241,2024,January,1,202590.39,151001.37,51589.02
242,2024,January,2,370588.98,217528.33,153060.65
243,2024,January,3,419099.63,265562.66,153536.97
244,2024,January,4,156277.54,88098.49,68179.05
245,2024,January,5,249454.14,173560.31,75893.83
246,2024,January,6,297353.74,168600.97,128752.77
247,2024,January,7,177943.14,131932.83,46010.31
248,2024,January,8,133633.94,82684.28,50949.66
249,2024,January,9,125475.77,66738.81,58736.96
250,2024,January,10,106669.52,66684.15,39985.37
251,2024,January,11,149003.38,115666.85,33336.53
252,2024,January,12,118278.16,63717.5,54560.66
253,2024,January,13,482009.03,272147.28,209861.75
254,2024,January,14,347011.95,209482.1,137529.85
255,2024,January,15,183159.14,133263.25,49895.89
256,2024,January,16,232707.11,147122.66,85584.45
257,2024,January,17,176646.98,124463.3,52183.68
258,2024,January,18,198657.45,120877.03,77780.42
259,2024,January,19,115249.78,86705.08,28544.7
260,2024,January,20,120183.96,61163.7,59020.26
261,2024,February,1,471535.54,296761.35,174774.19
262,2024,February,2,346928.25,191860.25,155068.0
263,2024,February,3,252498.85,147580.7,104918.15
264,2024,February,4,391729.9,208696.39,183033.51
265,2024,February,5,410209.84,245638.89,164570.95
266,2024,February,6,384653.62,295763.86,88889.76
267,2024,February,7,110698.86,55697.83,55001.03
268,2024,February,8,476876.73,242252.39,234624.34
269,2024,February,9,365493.89,282075.1,83418.79
270,2024,February,10,378205.06,205900.33,172304.73
271,2024,February,11,124126.22,64267.59,59858.63
272,2024,February,12,155991.94,107047.89,48944.05
273,2024,February,13,380788.77,215649.92,165138.85
274,2024,February,14,449962.72,276273.32,173689.4
275,2024,February,15,330474.34,263471.12,67003.22
276,2024,February,16,492746.34,302418.81,190327.53
277,2024,February,17,352020.79,213153.33,138867.46
278,2024,February,18,140042.19,111579.94,28462.25
279,2024,February,19,204524.44,124388.59,80135.85
280,2024,February,20,408131.56,278076.42,130055.14
281,2024,March,1,481767.5,376571.51,105195.99
282,2024,March,2,392331.82,237682.41,154649.41
283,2024,March,3,271487.5,137114.14,134373.36
284,2024,March,4,191525.78,134183.47,57342.31
285,2024,March,5,227244.75,131480.49,95764.26
286,2024,March,6,236453.52,128452.95,108000.57
287,2024,March,7,115191.2,86717.13,28474.07
288,2024,March,8,283658.84,143842.26,139816.58
289,2024,March,9,467547.74,280448.86,187098.88
290,2024,March,10,337135.27,168638.22,168497.05
291,2024,March,11,442101.41,287649.48,154451.93
292,2024,March,12,176011.14,103472.05,72539.09
293,2024,March,13,430187.31,293037.42,137149.89
294,2024,March,14,411494.53,283031.7,128462.83
295,2024,March,15,468681.64,246566.5,222115.14
296,2024,March,16,192504.19,148974.57,43529.62
297,2024,March,17,198485.17,131102.74,67382.43
298,2024,March,18,441580.19,240553.24,201026.95
299,2024,March,19,275816.82,198001.34,77815.48
300,2024,March,20,451628.56,283937.85,167690.71
301,2024,April,1,229213.78,119906.08,109307.7
302,2024,April,2,359369.03,219553.57,139815.46
303,2024,April,3,454392.98,287445.55,166947.43
304,2024,April,4,188086.98,117148.69,70938.29
305,2024,April,5,123592.62,88183.62,35409.0
306,2024,April,6,142207.22,105836.19,36371.03
307,2024,April,7,337762.16,203770.23,133991.93
308,2024,April,8,439515.19,305577.11,133938.08
309,2024,April,9,495914.89,378146.6,117768.29
310,2024,April,10,499766.0,361052.37,138713.63
311,2024,April,11,189957.56,117290.62,72666.94
312,2024,April,12,245437.8,182180.8,63257.0
313,2024,April,13,361871.02,210217.26,151653.76
314,2024,April,14,293052.32,225158.87,67893.45
315,2024,April,15,497510.22,310539.01,186971.21
316,2024,April,16,404010.78,256004.59,148006.19
317,2024,April,17,416295.9,302186.12,114109.78
318,2024,April,18,202896.78,152783.12,50113.66
319,2024,April,19,450020.98,308939.9,141081.08
320,2024,April,20,391923.63,245484.15,146439.48
321,2024,May,1,348669.89,234171.63,114498.26
322,2024,May,2,147540.69,77228.18,70312.51
323,2024,May,3,404303.12,299201.0,105102.12
324,2024,May,4,310816.2,198861.69,111954.51
325,2024,May,5,370944.47,288243.66,82700.81
326,2024,May,6,408919.8,225759.69,183160.11
327,2024,May,7,439701.84,277630.85,162070.99
328,2024,May,8,164180.67,96498.55,67682.12
329,2024,May,9,252935.61,159056.68,93878.93
330,2024,May,10,222353.85,144406.6,77947.25
331,2024,May,11,442863.71,328110.15,114753.56
332,2024,May,12,127015.63,81526.48,45489.15
333,2024,May,13,278406.44,166650.52,111755.92
334,2024,May,14,405421.96,305788.11,99633.85
335,2024,May,15,346810.81,198946.57,147864.24
336,2024,May,16,445195.79,300512.93,144682.86
337,2024,May,17,326616.13,255306.04,71310.09
338,2024,May,18,241002.3,187017.25,53985.05
339,2024,May,19,156488.82,93664.02,62824.8
340,2024,May,20,297740.03,223562.04,74177.99
341,2024,June,1,208331.53,160560.95,47770.58
342,2024,June,2,161854.25,105297.97,56556.28
343,2024,June,3,128935.76,89403.09,39532.67
344,2024,June,4,370499.99,296330.95,74169.04
345,2024,June,5,382662.42,207394.9,175267.52
346,2024,June,6,187146.64,149369.38,37777.26
347,2024,June,7,385222.32,284407.98,100814.34
348,2024,June,8,158487.13,107793.72,50693.41
349,2024,June,9,146596.57,101399.94,45196.63
350,2024,June,10,377298.31,210086.95,167211.36
351,2024,June,11,312666.79,242746.15,69920.64
352,2024,June,12,192071.74,107049.53,85022.21
353,2024,June,13,414249.25,259342.5,154906.75
354,2024,June,14,127380.6,84264.72,43115.88
355,2024,June,15,136794.58,105904.69,30889.89
356,2024,June,16,288938.06,186147.88,102790.18
357,2024,June,17,414720.44,267152.74,147567.7
358,2024,June,18,302890.52,232499.01,70391.51
359,2024,June,19,234566.28,131783.53,102782.75
360,2024,June,20,126601.58,71696.43,54905.15
361,2024,July,1,479306.94,322876.4,156430.54
362,2024,July,2,375216.61,291943.61,83273.0
363,2024,July,3,467670.73,370637.62,97033.11
364,2024,July,4,107333.14,76286.85,31046.29
365,2024,July,5,492138.54,390650.14,101488.4
366,2024,July,6,128426.51,100320.26,28106.25
367,2024,July,7,425305.34,272739.0,152566.34
368,2024,July,8,351761.9,186695.11,165066.79
369,2024,July,9,320683.57,165692.91,154990.66
370,2024,July,10,267467.51,158790.12,108677.39
371,2024,July,11,146340.79,74127.87,72212.92
372,2024,July,12,150218.08,106666.79,43551.29
373,2024,July,13,115419.13,69806.45,45612.68
374,2024,July,14,253342.1,131818.3,121523.8
375,2024,July,15,407125.18,242881.04,164244.14
376,2024,July,16,359891.54,198020.29,161871.25
377,2024,July,17,120451.44,73470.35,46981.09
378,2024,July,18,382833.96,281089.07,101744.89
379,2024,July,19,141184.14,101064.34,40119.8
380,2024,July,20,417320.78,247187.94,170132.84
381,2024,August,1,353843.59,251435.53,102408.06
382,2024,August,2,332393.3,241246.19,91147.11
383,2024,August,3,188408.84,126471.71,61937.13
384,2024,August,4,371507.55,205596.4,165911.15
385,2024,August,5,476342.11,295194.21,181147.9
386,2024,August,6,402474.8,234044.37,168430.43
387,2024,August,7,226140.47,131978.96,94161.51
388,2024,August,8,336920.48,262458.68,74461.8
389,2024,August,9,220929.07,125881.25,95047.82
390,2024,August,10,365597.18,233577.2,132019.98
391,2024,August,11,369093.74,219601.82,149491.92
392,2024,August,12,255811.46,159870.32,95941.14
393,2024,August,13,385142.51,237199.59,147942.92
394,2024,August,14,329114.41,202411.92,126702.49
395,2024,August,15,294693.51,193114.09,101579.42
396,2024,August,16,312839.69,247798.07,65041.62
397,2024,August,17,185436.66,145617.29,39819.37
398,2024,August,18,227840.99,134324.53,93516.46
399,2024,August,19,183010.53,131607.16,51403.37
400,2024,August,20,432203.92,318648.15,113555.77
401,2024,September,1,383356.52,249438.15,133918.37
402,2024,September,2,266649.44,167627.42,99022.02
403,2024,September,3,460211.72,298277.16,161934.56
404,2024,September,4,292063.97,221040.85,71023.12
405,2024,September,5,425270.9,276979.55,148291.35
406,2024,September,6,228857.47,162855.25,66002.22
407,2024,September,7,367013.99,191042.87,175971.12
408,2024,September,8,487718.86,316987.55,170731.31
409,2024,September,9,468297.0,251993.21,216303.79
410,2024,September,10,217521.48,151073.93,66447.55
411,2024,September,11,276217.93,205030.39,71187.54
412,2024,September,12,235843.02,181806.67,54036.35
413,2024,September,13,243962.01,189167.51,54794.5
414,2024,September,14,352101.69,270690.31,81411.38
415,2024,September,15,228147.75,167137.79,61009.96
416,2024,September,16,172603.27,87681.1,84922.17
417,2024,September,17,186342.12,131487.04,54855.08
418,2024,September,18,403519.73,318209.72,85310.01
419,2024,September,19,368896.83,290413.59,78483.24
420,2024,September,20,283574.09,173575.21,109998.88
421,2024,October,1,209101.42,132463.82,76637.6
422,2024,October,2,116077.98,68812.93,47265.05
423,2024,October,3,102259.75,79127.21,23132.54
424,2024,October,4,438912.68,320833.35,118079.33
425,2024,October,5,173196.36,103044.87,70151.49
426,2024,October,6,452073.2,321805.09,130268.11
427,2024,October,7,415122.78,240879.4,174243.38
428,2024,October,8,394739.69,255264.1,139475.59
429,2024,October,9,438620.09,327633.3,110986.79
430,2024,October,10,247120.3,137476.6,109643.7
431,2024,October,11,115086.7,75953.04,39133.66
432,2024,October,12,321412.95,195591.04,125821.91
433,2024,October,13,353986.24,237877.19,116109.05
434,2024,October,14,316518.82,205830.13,110688.69
435,2024,October,15,348829.46,235495.93,113333.53
436,2024,October,16,201041.95,129894.47,71147.48
437,2024,October,17,457763.47,355976.55,101786.92
438,2024,October,18,114850.94,77240.78,37610.16
439,2024,October,19,449510.76,299241.2,150269.56
440,2024,October,20,490366.15,352092.93,138273.22
441,2024,November,1,397773.43,299038.86,98734.57
442,2024,November,2,472169.57,333123.64,139045.93
443,2024,November,3,265542.96,142429.98,123112.98
444,2024,November,4,161168.65,121455.52,39713.13
445,2024,November,5,221798.14,164268.48,57529.66
446,2024,November,6,243082.4,123792.8,119289.6
447,2024,November,7,187245.9,136912.79,50333.11
448,2024,November,8,293981.56,224867.2,69114.36
449,2024,November,9,127630.55,76454.6,51175.95
450,2024,November,10,179809.86,125053.83,54756.03
451,2024,November,11,136553.84,102773.2,33780.64
452,2024,November,12,198035.2,144366.96,53668.24
453,2024,November,13,468992.79,275067.89,193924.9
454,2024,November,14,473506.0,311209.26,162296.74
455,2024,November,15,102269.38,65356.67,36912.71
456,2024,November,16,263409.13,138055.94,125353.19
457,2024,November,17,409575.89,299941.04,109634.85
458,2024,November,18,423765.71,283546.5,140219.21
459,2024,November,19,423687.83,261900.31,161787.52
460,2024,November,20,106805.77,83723.13,23082.64
461,2024,December,1,379267.7,228018.09,151249.61
462,2024,December,2,446555.7,313161.6,133394.1
463,2024,December,3,213521.57,136794.67,76726.9
464,2024,December,4,415497.48,293621.46,121876.02
465,2024,December,5,185226.46,124083.1,61143.36
466,2024,December,6,158600.82,117450.1,41150.72
467,2024,December,7,477715.48,250527.0,227188.48
468,2024,December,8,165660.11,101024.74,64635.37
469,2024,December,9,408344.9,310316.84,98028.06
470,2024,December,10,456375.92,336465.25,119910.67
471,2024,December,11,379755.37,208736.24,171019.13
472,2024,December,12,308873.81,236707.65,72166.16
473,2024,December,13,431184.95,317811.51,113373.44
474,2024,December,14,441286.91,244154.12,197132.79
475,2024,December,15,355964.18,230827.28,125136.9
476,2024,December,16,183017.64,146397.36,36620.28
477,2024,December,17,346589.02,264528.87,82060.15
478,2024,December,18,230249.11,171331.78,58917.33
479,2024,December,19,216700.47,167401.28,49299.19
480,2024,December,20,418246.17,282029.69,136216.48
481,2025,January,1,100366.3,69094.26,31272.04
482,2025,January,2,122736.32,85682.34,37053.98
483,2025,January,3,171517.34,121398.36,50118.98
484,2025,January,4,384852.96,197863.55,186989.41
485,2025,January,5,351292.73,255668.43,95624.3
486,2025,January,6,325624.39,210482.31,115142.08
487,2025,January,7,338190.22,227573.01,110617.21
488,2025,January,8,495805.05,253673.6,242131.45
489,2025,January,9,483891.52,313683.04,170208.48
490,2025,January,10,341725.45,247372.83,94352.62
491,2025,January,11,103396.06,74120.98,29275.08
492,2025,January,12,223513.8,128159.21,95354.59
493,2025,January,13,197641.48,110325.44,87316.04
494,2025,January,14,195940.61,137263.69,58676.92
495,2025,January,15,389045.16,206742.03,182303.13
496,2025,January,16,289869.79,192990.12,96879.67
497,2025,January,17,135416.73,76333.86,59082.87
498,2025,January,18,395985.84,259477.47,136508.37
499,2025,January,19,234192.03,172069.1,62122.93
500,2025,January,20,316249.05,168723.2,147525.85
501,2025,February,1,395651.12,296777.07,98874.05
502,2025,February,2,396597.6,221447.52,175150.08
503,2025,February,3,169525.85,128437.24,41088.61
504,2025,February,4,311024.24,164064.55,146959.69
505,2025,February,5,410808.23,282445.85,128362.38
506,2025,February,6,134604.62,99399.46,35205.16
507,2025,February,7,254642.73,171732.57,82910.16
508,2025,February,8,323451.2,218239.89,105211.31
509,2025,February,9,290329.67,160998.29,129331.38
510,2025,February,10,287085.49,180510.43,106575.06
511,2025,February,11,260948.05,147652.57,113295.48
512,2025,February,12,178189.55,135770.95,42418.6
513,2025,February,13,439792.77,264870.03,174922.74
514,2025,February,14,177085.45,90682.35,86403.1
515,2025,February,15,255348.57,187570.39,67778.18
516,2025,February,16,148466.66,85573.11,62893.55
517,2025,February,17,395034.47,260000.83,135033.64
518,2025,February,18,298709.0,155106.3,143602.7
519,2025,February,19,316809.26,253214.37,63594.89
520,2025,February,20,151262.77,83079.36,68183.41
521,2025,March,1,322558.64,227332.02,95226.62
522,2025,March,2,245329.21,192797.78,52531.43
523,2025,March,3,175692.18,118623.82,57068.36
524,2025,March,4,491538.26,253098.67,238439.59
525,2025,March,5,158007.53,108849.14,49158.39
526,2025,March,6,428112.2,341011.88,87100.32
527,2025,March,7,154366.81,113771.36,40595.45
528,2025,March,8,473420.09,328170.69,145249.4
529,2025,March,9,289218.85,176353.05,112865.8
530,2025,March,10,107458.71,63219.66,44239.05
531,2025,March,11,297925.23,231776.06,66149.17
532,2025,March,12,348996.29,181858.95,167137.34
533,2025,March,13,106820.77,65302.74,41518.03
534,2025,March,14,487668.18,295945.37,191722.81
535,2025,March,15,269236.66,137569.46,131667.2
536,2025,March,16,180484.65,123230.96,57253.69
537,2025,March,17,421256.65,266211.64,155045.01
538,2025,March,18,222410.15,174067.37,48342.78
539,2025,March,19,154247.21,111795.09,42452.12
540,2025,March,20,173048.24,101477.46,71570.78
541,2025,April,1,489627.02,279252.04,210374.98
542,2025,April,2,334432.19,240686.14,93746.05
543,2025,April,3,374882.95,192669.28,182213.67
544,2025,April,4,210354.14,124568.73,85785.41
545,2025,April,5,350010.08,189925.69,160084.39
546,2025,April,6,440035.29,342861.17,97174.12
547,2025,April,7,487323.1,367081.68,120241.42
548,2025,April,8,251778.66,178817.61,72961.05
549,2025,April,9,136723.33,100407.51,36315.82
550,2025,April,10,103166.41,74995.38,28171.03
551,2025,April,11,361306.96,235709.3,125597.66
552,2025,April,12,298653.79,189733.37,108920.42
553,2025,April,13,261130.37,191193.25,69937.12
554,2025,April,14,469736.18,277036.79,192699.39
555,2025,April,15,369640.21,235003.12,134637.09
556,2025,April,16,251473.78,149838.56,101635.22
557,2025,April,17,265981.08,138132.7,127848.38
558,2025,April,18,415992.45,300091.12,115901.33
559,2025,April,19,225023.55,176771.09,48252.46
560,2025,April,20,459281.29,279108.83,180172.46
561,2025,May,1,443313.15,228494.41,214818.74
562,2025,May,2,437284.13,268936.48,168347.65
563,2025,May,3,324901.82,257416.27,67485.55
564,2025,May,4,215096.76,150667.37,64429.39
565,2025,May,5,207091.64,119260.73,87830.91
566,2025,May,6,379143.77,283287.66,95856.11
567,2025,May,7,161333.26,117124.9,44208.36
568,2025,May,8,436460.98,330350.04,106110.94
569,2025,May,9,353031.87,232260.14,120771.73
570,2025,May,10,241032.65,123051.71,117980.94
571,2025,May,11,181631.86,142013.53,39618.33
572,2025,May,12,230140.85,142783.51,87357.34
573,2025,May,13,246478.96,178128.04,68350.92
574,2025,May,14,408471.91,254239.18,154232.73
575,2025,May,15,234301.83,127451.78,106850.05
576,2025,May,16,138956.02,84122.55,54833.47
577,2025,May,17,366235.44,232050.11,134185.33
578,2025,May,18,279298.83,152817.81,126481.02
579,2025,May,19,443227.54,289392.44,153835.1
580,2025,May,20,373325.33,188706.13,184619.2
581,2025,June,1,301014.47,233046.84,67967.63
582,2025,June,2,412553.91,292874.4,119679.51
583,2025,June,3,463390.36,309348.32,154042.04
584,2025,June,4,206703.39,142136.79,64566.6
585,2025,June,5,458099.38,287486.98,170612.4
586,2025,June,6,375687.69,201832.11,173855.58
587,2025,June,7,414397.19,298796.7,115600.49
588,2025,June,8,114886.32,74201.35,40684.97
589,2025,June,9,425369.48,257088.24,168281.24
590,2025,June,10,402960.41,299261.78,103698.63
591,2025,June,11,447248.01,316782.83,130465.18
592,2025,June,12,221467.79,133398.65,88069.14
593,2025,June,13,331664.71,219794.2,111870.51
594,2025,June,14,356158.69,252546.8,103611.89
595,2025,June,15,242967.03,166990.65,75976.38
596,2025,June,16,472992.55,274092.85,198899.7
597,2025,June,17,369560.87,186089.51,183471.36
598,2025,June,18,486950.08,271688.6,215261.48
599,2025,June,19,172057.2,92258.09,79799.11
600,2025,June,20,108336.74,84496.41,23840.33
601,2025,July,1,188453.8,135045.26,53408.54
602,2025,July,2,288933.75,216357.6,72576.15
603,2025,July,3,376536.35,278795.22,97741.13
604,2025,July,4,123336.91,76502.71,46834.2
605,2025,July,5,468761.66,243224.46,225537.2
606,2025,July,6,456012.99,287153.98,168859.01
607,2025,July,7,489029.31,333914.7,155114.61
608,2025,July,8,234666.34,137964.74,96701.6
609,2025,July,9,250694.48,159374.68,91319.8
610,2025,July,10,108182.9,56921.83,51261.07
611,2025,July,11,164190.01,125845.33,38344.68
612,2025,July,12,295423.0,207805.67,87617.33
613,2025,July,13,299676.65,177340.79,122335.86
614,2025,July,14,406449.49,270682.03,135767.46
615,2025,July,15,133773.99,73133.76,60640.23
616,2025,July,16,433538.06,274136.42,159401.64
617,2025,July,17,202303.63,101991.81,100311.82
618,2025,July,18,486650.04,323949.56,162700.48
619,2025,July,19,432834.29,228750.82,204083.47
620,2025,July,20,437230.4,289876.26,147354.14
621,2025,August,1,286330.88,167571.55,118759.33
622,2025,August,2,397819.75,283785.27,114034.48
623,2025,August,3,172821.98,132940.49,39881.49
624,2025,August,4,426100.3,259872.19,166228.11
625,2025,August,5,142475.14,111297.19,31177.95
626,2025,August,6,285054.38,144806.49,140247.89
627,2025,August,7,497502.49,359918.0,137584.49
628,2025,August,8,263417.07,189855.15,73561.92
629,2025,August,9,482539.38,315110.29,167429.09
630,2025,August,10,224987.67,145988.75,78998.92
631,2025,August,11,390520.56,303983.95,86536.61
632,2025,August,12,475329.77,274426.23,200903.54
633,2025,August,13,371053.89,285974.58,85079.31
634,2025,August,14,395754.04,249840.57,145913.47
635,2025,August,15,293734.91,182568.56,111166.35
636,2025,August,16,267764.44,172225.84,95538.6
637,2025,August,17,294132.47,163259.84,130872.63
638,2025,August,18,251928.89,142420.1,109508.79
639,2025,August,19,106584.84,82134.51,24450.33
640,2025,August,20,443636.72,281400.23,162236.49
641,2025,September,1,476783.29,279177.46,197605.83
642,2025,September,2,247210.78,143346.46,103864.32
643,2025,September,3,138928.33,108270.77,30657.56
644,2025,September,4,173708.98,112494.38,61214.6
645,2025,September,5,135592.82,94216.17,41376.65
646,2025,September,6,117856.7,70246.28,47610.42
647,2025,September,7,251394.2,193212.24,58181.96
648,2025,September,8,220963.24,151929.34,69033.9
649,2025,September,9,240683.47,123680.5,117002.97
650,2025,September,10,125183.99,75522.1,49661.89
651,2025,September,11,434558.73,288648.19,145910.54
652,2025,September,12,417903.4,310031.67,107871.73
653,2025,September,13,202810.85,133318.35,69492.5
654,2025,September,14,331063.4,261273.58,69789.82
655,2025,September,15,128321.47,69454.2,58867.27
656,2025,September,16,262075.4,132426.51,129648.89
657,2025,September,17,386771.55,237570.24,149201.31
658,2025,September,18,468696.96,252861.62,215835.34
659,2025,September,19,341347.09,220747.32,120599.77
660,2025,September,20,261358.73,198551.14,62807.59
661,2025,October,1,276502.73,193179.56,83323.17
662,2025,October,2,447672.57,333701.65,113970.92
663,2025,October,3,268724.15,159322.23,109401.92
664,2025,October,4,354599.82,275234.91,79364.91
665,2025,October,5,117439.79,83451.9,33987.89
666,2025,October,6,166231.63,88572.22,77659.41
667,2025,October,7,362996.47,214460.37,148536.1
668,2025,October,8,376123.17,289134.01,86989.16
669,2025,October,9,257903.95,204755.32,53148.63
670,2025,October,10,290852.18,226246.34,64605.84
671,2025,October,11,378407.29,218196.57,160210.72
672,2025,October,12,317696.71,238979.3,78717.41
673,2025,October,13,150817.84,87987.5,62830.34
674,2025,October,14,345638.78,263012.26,82626.52
675,2025,October,15,477977.51,374172.46,103805.05
676,2025,October,16,171291.55,123805.53,47486.02
677,2025,October,17,339633.55,217599.03,122034.52
678,2025,October,18,435560.48,315189.36,120371.12
679,2025,October,19,166619.76,83497.64,83122.12
680,2025,October,20,216930.5,109808.77,107121.73
681,2025,November,1,120365.53,84280.66,36084.87
682,2025,November,2,197238.7,144208.34,53030.36
683,2025,November,3,434676.25,325523.64,109152.61
684,2025,November,4,218559.5,142734.88,75824.62
685,2025,November,5,390227.4,289397.15,100830.25
686,2025,November,6,353352.73,260941.87,92410.86
687,2025,November,7,414487.29,222560.23,191927.06
688,2025,November,8,445925.39,270976.57,174948.82
689,2025,November,9,385031.71,287383.9,97647.81
690,2025,November,10,324088.39,185880.91,138207.48
691,2025,November,11,219168.96,134166.87,85002.09
692,2025,November,12,460178.56,364675.65,95502.91
693,2025,November,13,269481.21,183274.0,86207.21
694,2025,November,14,138595.99,69906.41,68689.58
695,2025,November,15,476212.12,349600.42,126611.7
696,2025,November,16,360195.7,220964.27,139231.43
697,2025,November,17,232735.53,134851.92,97883.61
698,2025,November,18,179419.43,108674.15,70745.28
699,2025,November,19,419329.33,299277.66,120051.67
700,2025,November,20,321046.82,192712.44,128334.38
701,2025,December,1,481359.38,358606.75,122752.63
702,2025,December,2,187049.93,139184.57,47865.36
703,2025,December,3,336229.71,253590.95,82638.76
704,2025,December,4,444820.02,329425.79,115394.23
705,2025,December,5,202437.26,106969.67,95467.59
706,2025,December,6,216199.47,165125.57,51073.9
707,2025,December,7,264755.64,148582.99,116172.65
708,2025,December,8,332406.53,193355.11,139051.42
709,2025,December,9,238330.43,179554.33,58776.1
710,2025,December,10,184933.57,145382.05,39551.52
711,2025,December,11,209282.34,132819.89,76462.45
712,2025,December,12,364514.86,251451.18,113063.68
713,2025,December,13,493227.9,349573.03,143654.87
714,2025,December,14,402823.7,277564.45,125259.25
715,2025,December,15,196526.84,131748.67,64778.17
716,2025,December,16,165467.28,96246.62,69220.66
717,2025,December,17,221913.33,117266.66,104646.67
718,2025,December,18,141279.32,75373.81,65905.51
719,2025,December,19,386903.07,201217.32,185685.75
720,2025,December,20,241748.63,134131.63,107617.0
