BusinessUnitID,BusinessUnitName,VicePresident,AnnualRevenueTarget
1,Consumer Business,Allison Hill,17788535.97
2,Enterprise Solutions,Noah Rhodes,5500215.1
3,Cloud Services,Angie Henderson,10500586.37
4,Digital Products,Daniel Wagner,9464214.76
5,Retail Operations,Cristian Santos,19729424.28
6,Financial Services,Connie Lawrence,18533989.75
7,Media Services,Abigail Shaffer,22843591.35
8,Logistics,Gina Moore,6738776.65
9,International Business,Gabrielle Davis,13438436.39
10,Strategic Partnerships,Ryan Munoz,5595944.39
