ProductID,ProductName,Category,Brand,UnitCost,UnitPrice,LaunchDate,ProductStatus
1,OmniSys Noise-Canceling Headset v3,Accessories,OmniSys,752.96,1108.63,2021-05-12,Active
2,OmniSys Server Blade v4,Hardware,OmniSys,1077.6,1636.07,2023-08-04,Active
3,ApexTech Antivirus License v3,Software,ApexTech,473.52,587.98,2020-07-16,Active
4,Titan Monitor 4K v4,Hardware,Titan,441.0,815.41,2023-04-10,Active
5,Aura Analytics Dashboard v5,Software,Aura,1499.09,2633.85,2023-03-31,Active
6,Pinnacle Analytics Dashboard v1,Software,Pinnacle,200.0,252.25,2023-12-25,Active
7,Nexus Cloud Storage Plan v4,Software,Nexus,781.84,1543.86,2024-07-01,Active
8,Aura Pro Laptop v3,Hardware,Aura,1541.83,2532.04,2022-02-20,Active
9,Aura USB-C Dock v5,Accessories,Aura,1944.34,4259.18,2024-09-14,Discontinued
10,OmniSys Implementation Consulting v5,Services,OmniSys,760.35,1072.1,2020-02-05,Discontinued
11,ApexTech Security Audit v3,Services,ApexTech,241.5,403.76,2020-12-21,Active
12,Nexus SaaS Enterprise Suite v5,Software,Nexus,1469.18,3321.57,2024-07-26,Active
13,OmniSys Cloud Storage Plan v4,Software,OmniSys,544.81,1271.68,2022-04-08,Pending
14,Zenith Antivirus License v4,Software,Zenith,1990.4,4070.05,2022-11-22,Discontinued
15,Vortex USB-C Dock v5,Accessories,Vortex,464.9,762.21,2020-12-12,Active
16,Nexus SaaS Enterprise Suite v1,Software,Nexus,1421.53,1814.63,2022-06-30,Discontinued
17,Vortex IT Support Contract v5,Services,Vortex,571.38,1046.22,2023-09-12,Active
18,Pinnacle Ergonomic Chair v1,Accessories,Pinnacle,1618.84,2343.32,2021-05-06,Active
19,Zenith Security Audit v1,Services,Zenith,944.71,2029.05,2023-11-10,Active
20,Vortex IT Support Contract v2,Services,Vortex,399.35,757.64,2020-01-11,Active
21,Vortex Security Audit v5,Services,Vortex,1751.48,2273.42,2022-03-29,Active
22,Vortex Pro Laptop v2,Hardware,Vortex,349.3,639.68,2024-04-04,Discontinued
23,Zenith Monitor 4K v4,Hardware,Zenith,24.27,41.44,2021-07-09,Active
24,Vortex Ergonomic Chair v5,Accessories,Vortex,607.48,1493.99,2024-04-26,Active
25,ApexTech Wireless Mouse v5,Hardware,ApexTech,119.28,217.07,2020-11-26,Active
26,Nexus Monitor 4K v2,Hardware,Nexus,1198.17,2489.53,2022-07-16,Active
27,Nexus SaaS Enterprise Suite v5,Software,Nexus,850.07,1665.09,2024-04-26,Active
28,Titan Implementation Consulting v3,Services,Titan,492.6,844.57,2021-09-09,Active
29,Pinnacle Pro Laptop v1,Hardware,Pinnacle,1249.9,2414.67,2021-04-19,Active
30,OmniSys Antivirus License v2,Software,OmniSys,1867.85,4380.34,2023-03-07,Active
31,Aura Cloud Storage Plan v5,Software,Aura,1231.12,3057.37,2021-05-16,Active
32,OmniSys IT Support Contract v5,Services,OmniSys,543.64,1281.16,2024-08-02,Active
33,Titan Implementation Consulting v3,Services,Titan,423.12,856.61,2024-07-05,Active
34,Nexus IT Support Contract v1,Services,Nexus,1275.88,2906.65,2020-01-02,Active
35,OmniSys Antivirus License v4,Software,OmniSys,1487.64,2852.08,2022-10-04,Active
36,OmniSys Pro Laptop v5,Hardware,OmniSys,1100.27,2514.09,2024-02-27,Active
37,ApexTech Ergonomic Chair v1,Accessories,ApexTech,630.35,1493.09,2020-03-01,Discontinued
38,Nexus Analytics Dashboard v4,Software,Nexus,720.28,1388.59,2020-12-13,Pending
39,OmniSys Analytics Dashboard v4,Software,OmniSys,1952.89,4401.82,2023-02-01,Active
40,Vortex Security Audit v1,Services,Vortex,548.28,1219.15,2022-08-13,Active
41,Vortex Mechanical Keyboard v3,Hardware,Vortex,415.15,993.86,2022-01-13,Active
42,ApexTech Analytics Dashboard v3,Software,ApexTech,1326.87,2279.57,2020-06-28,Discontinued
43,Zenith Managed Cloud v3,Services,Zenith,1365.45,3136.11,2022-01-18,Discontinued
44,OmniSys Wireless Mouse v1,Hardware,OmniSys,1169.57,2898.91,2024-10-28,Active
45,Titan Noise-Canceling Headset v1,Accessories,Titan,884.06,2192.03,2020-09-01,Active
46,ApexTech Antivirus License v5,Software,ApexTech,1423.39,1711.2,2020-09-23,Active
47,Zenith Antivirus License v3,Software,Zenith,158.55,327.17,2024-02-18,Active
48,Aura Wireless Mouse v3,Hardware,Aura,1340.45,2176.94,2020-08-03,Active
49,Zenith Cloud Storage Plan v5,Software,Zenith,1361.09,3230.75,2024-07-13,Active
50,Aura USB-C Dock v5,Accessories,Aura,588.09,1034.36,2021-01-25,Active
51,Pinnacle Security Audit v4,Services,Pinnacle,895.48,1323.35,2021-02-02,Active
52,Aura SaaS Enterprise Suite v3,Software,Aura,1040.59,2104.93,2024-01-16,Active
53,Vortex Antivirus License v1,Software,Vortex,1616.99,2250.14,2024-09-04,Active
54,Pinnacle USB-C Dock v2,Accessories,Pinnacle,840.59,1696.89,2021-05-28,Active
55,Zenith Power Bank v1,Accessories,Zenith,503.09,1032.78,2022-04-03,Discontinued
56,Vortex Mechanical Keyboard v5,Hardware,Vortex,368.26,900.53,2024-06-27,Active
57,Pinnacle SaaS Enterprise Suite v5,Software,Pinnacle,284.01,512.36,2023-08-07,Pending
58,Zenith Security Audit v2,Services,Zenith,1664.53,3182.97,2021-10-20,Active
59,Aura Power Bank v3,Accessories,Aura,1508.52,3457.26,2024-08-02,Active
60,Aura Ergonomic Chair v2,Accessories,Aura,890.95,1895.59,2021-09-16,Active
61,OmniSys IT Support Contract v2,Services,OmniSys,318.64,541.03,2022-08-26,Active
62,Zenith Mechanical Keyboard v1,Hardware,Zenith,675.15,1219.12,2023-05-24,Active
63,ApexTech Power Bank v4,Accessories,ApexTech,1716.33,3767.81,2023-03-06,Active
64,Zenith Managed Cloud v4,Services,Zenith,1709.83,4171.06,2023-09-23,Active
65,Vortex Cloud Storage Plan v4,Software,Vortex,560.41,1026.3,2024-05-27,Active
66,Pinnacle Ergonomic Chair v5,Accessories,Pinnacle,1840.69,4555.59,2023-11-03,Active
67,Nexus USB-C Dock v4,Accessories,Nexus,1292.64,1779.2,2021-01-10,Active
68,Titan Security Audit v4,Services,Titan,439.09,713.48,2022-02-09,Active
69,Nexus Noise-Canceling Headset v1,Accessories,Nexus,951.21,2067.68,2021-11-29,Pending
70,Nexus Implementation Consulting v1,Services,Nexus,1566.84,3207.76,2020-07-17,Discontinued
71,OmniSys SaaS Enterprise Suite v1,Software,OmniSys,492.32,893.87,2022-11-16,Active
72,Aura Cloud Storage Plan v5,Software,Aura,1538.46,2181.73,2020-03-06,Pending
73,Aura Monitor 4K v3,Hardware,Aura,234.04,288.66,2024-09-16,Active
74,Vortex Power Bank v2,Accessories,Vortex,170.47,357.61,2021-12-15,Active
75,ApexTech IT Support Contract v3,Services,ApexTech,707.46,1242.93,2021-11-15,Active
76,Zenith IT Support Contract v3,Services,Zenith,1648.22,2204.0,2020-01-23,Active
77,Zenith Ergonomic Chair v3,Accessories,Zenith,368.75,692.61,2020-08-08,Active
78,Zenith Power Bank v3,Accessories,Zenith,1654.95,3260.61,2020-07-01,Discontinued
79,Pinnacle Wireless Mouse v5,Hardware,Pinnacle,502.85,907.2,2021-12-12,Active
80,Pinnacle IT Support Contract v2,Services,Pinnacle,1704.89,2448.89,2020-07-28,Active
81,Aura Managed Cloud v3,Services,Aura,1763.03,3722.71,2020-04-07,Active
82,Vortex SaaS Enterprise Suite v2,Software,Vortex,1445.75,2653.17,2022-10-23,Active
83,ApexTech Power Bank v2,Accessories,ApexTech,204.25,303.94,2020-08-08,Active
84,Titan Security Audit v3,Services,Titan,862.5,1871.38,2024-05-16,Active
85,Aura Noise-Canceling Headset v2,Accessories,Aura,517.78,702.55,2022-01-09,Active
86,Vortex Analytics Dashboard v5,Software,Vortex,1482.44,2311.79,2022-05-15,Pending
87,Vortex IT Support Contract v3,Services,Vortex,606.57,1012.45,2024-02-17,Active
88,ApexTech Antivirus License v2,Software,ApexTech,1949.1,3741.04,2021-10-27,Active
89,ApexTech USB-C Dock v4,Accessories,ApexTech,1156.65,2093.79,2024-08-02,Active
90,Pinnacle Wireless Mouse v4,Hardware,Pinnacle,245.89,315.96,2021-02-15,Active
91,OmniSys Monitor 4K v1,Hardware,OmniSys,1626.06,3957.61,2024-11-09,Pending
92,Zenith Server Blade v2,Hardware,Zenith,1220.51,2719.25,2024-11-25,Active
93,Pinnacle Power Bank v4,Accessories,Pinnacle,608.76,1196.26,2024-01-08,Active
94,Nexus Server Blade v2,Hardware,Nexus,1896.23,2787.69,2022-01-24,Active
95,Vortex Monitor 4K v1,Hardware,Vortex,364.15,472.52,2024-01-09,Active
96,ApexTech Noise-Canceling Headset v4,Accessories,ApexTech,478.32,1013.58,2023-06-18,Active
97,Vortex Antivirus License v2,Software,Vortex,861.78,1644.22,2021-08-14,Discontinued
98,ApexTech SaaS Enterprise Suite v5,Software,ApexTech,348.53,557.61,2020-10-20,Discontinued
99,Pinnacle USB-C Dock v3,Accessories,Pinnacle,1383.58,2918.87,2020-10-28,Active
100,Nexus Power Bank v3,Accessories,Nexus,1204.11,2837.18,2023-09-01,Active
101,Vortex Pro Laptop v5,Hardware,Vortex,1924.58,4401.03,2023-01-05,Active
102,ApexTech Wireless Mouse v5,Hardware,ApexTech,1530.96,2185.82,2023-08-09,Active
103,Zenith Implementation Consulting v1,Services,Zenith,1276.87,2348.47,2023-07-01,Active
104,Titan Noise-Canceling Headset v3,Accessories,Titan,1346.86,3118.05,2023-12-21,Active
105,Zenith Noise-Canceling Headset v4,Accessories,Zenith,1630.86,3123.3,2020-06-17,Active
106,Nexus Managed Cloud v5,Services,Nexus,1940.97,3349.0,2020-11-01,Discontinued
107,Pinnacle Server Blade v3,Hardware,Pinnacle,838.23,1210.28,2020-07-07,Active
108,ApexTech Power Bank v3,Accessories,ApexTech,423.05,809.71,2023-06-04,Active
109,ApexTech USB-C Dock v2,Accessories,ApexTech,1946.83,3877.18,2022-11-20,Active
110,Zenith IT Support Contract v1,Services,Zenith,204.55,509.32,2020-12-05,Active
111,Pinnacle Monitor 4K v3,Hardware,Pinnacle,1866.65,2948.22,2022-02-11,Active
112,Vortex Power Bank v2,Accessories,Vortex,924.44,1283.15,2021-08-18,Discontinued
113,Aura SaaS Enterprise Suite v3,Software,Aura,1549.9,3581.41,2021-08-13,Discontinued
114,Aura IT Support Contract v5,Services,Aura,1457.58,3335.99,2024-07-24,Pending
115,Pinnacle Ergonomic Chair v5,Accessories,Pinnacle,1086.39,1791.09,2023-10-25,Active
116,Titan Power Bank v2,Accessories,Titan,1741.81,4310.99,2021-03-11,Active
117,ApexTech Cloud Storage Plan v4,Software,ApexTech,649.99,1179.65,2023-08-03,Active
118,ApexTech Cloud Storage Plan v3,Software,ApexTech,269.97,662.77,2021-07-24,Discontinued
119,Pinnacle USB-C Dock v2,Accessories,Pinnacle,50.39,69.91,2022-05-15,Active
120,Zenith Managed Cloud v5,Services,Zenith,1306.68,3014.9,2023-12-08,Active
121,ApexTech Security Audit v3,Services,ApexTech,1242.57,1870.32,2022-02-15,Pending
122,Nexus Mechanical Keyboard v1,Hardware,Nexus,1525.53,3226.58,2020-08-22,Active
123,ApexTech IT Support Contract v3,Services,ApexTech,662.26,843.03,2023-10-08,Active
124,Zenith Analytics Dashboard v2,Software,Zenith,1140.54,2543.72,2024-09-05,Active
125,Pinnacle Ergonomic Chair v4,Accessories,Pinnacle,1827.4,2532.87,2020-10-31,Active
126,ApexTech Noise-Canceling Headset v3,Accessories,ApexTech,1799.84,3248.4,2020-06-06,Active
127,Pinnacle SaaS Enterprise Suite v3,Software,Pinnacle,1891.57,4698.56,2024-08-06,Active
128,Pinnacle Noise-Canceling Headset v4,Accessories,Pinnacle,1693.7,2471.08,2020-02-15,Discontinued
129,Zenith Monitor 4K v3,Hardware,Zenith,1152.41,2244.04,2020-10-16,Active
130,ApexTech Noise-Canceling Headset v1,Accessories,ApexTech,1140.54,2385.48,2022-01-04,Discontinued
131,Vortex Noise-Canceling Headset v2,Accessories,Vortex,1221.99,2026.08,2021-05-31,Active
132,ApexTech SaaS Enterprise Suite v5,Software,ApexTech,631.69,1120.03,2023-06-16,Active
133,Aura SaaS Enterprise Suite v2,Software,Aura,666.9,1160.51,2024-02-17,Active
134,OmniSys Managed Cloud v4,Services,OmniSys,528.8,1201.48,2024-02-04,Pending
135,Nexus Managed Cloud v2,Services,Nexus,947.3,1229.49,2021-10-26,Discontinued
136,Nexus Noise-Canceling Headset v5,Accessories,Nexus,1585.55,1931.35,2023-05-30,Active
137,Zenith Managed Cloud v1,Services,Zenith,1648.39,3993.03,2020-07-01,Active
138,Titan USB-C Dock v1,Accessories,Titan,1832.21,2725.92,2021-05-26,Active
139,Zenith Noise-Canceling Headset v1,Accessories,Zenith,251.02,316.02,2023-03-23,Active
140,Nexus USB-C Dock v4,Accessories,Nexus,484.9,920.73,2020-01-07,Active
141,Zenith Ergonomic Chair v5,Accessories,Zenith,1316.75,3007.19,2023-04-27,Active
142,Titan IT Support Contract v2,Services,Titan,450.19,800.48,2022-04-03,Discontinued
143,Titan Wireless Mouse v1,Hardware,Titan,139.89,218.04,2023-11-14,Discontinued
144,Vortex USB-C Dock v1,Accessories,Vortex,1290.57,2550.54,2022-06-05,Active
145,OmniSys Implementation Consulting v5,Services,OmniSys,1578.22,2314.88,2023-08-07,Active
146,Titan Analytics Dashboard v5,Software,Titan,1553.25,3456.35,2024-09-22,Active
147,Aura Analytics Dashboard v1,Software,Aura,1601.06,2150.07,2024-02-21,Active
148,Titan Implementation Consulting v2,Services,Titan,51.25,79.18,2021-04-25,Active
149,Pinnacle Pro Laptop v5,Hardware,Pinnacle,907.58,1516.25,2021-08-12,Active
150,Aura SaaS Enterprise Suite v1,Software,Aura,926.92,2273.95,2022-07-10,Pending
151,Nexus Power Bank v1,Accessories,Nexus,990.73,2360.52,2021-11-07,Discontinued
152,Nexus Implementation Consulting v5,Services,Nexus,269.86,542.85,2020-06-30,Active
153,Aura Security Audit v1,Services,Aura,918.36,1824.83,2024-12-04,Active
154,Vortex Server Blade v4,Hardware,Vortex,871.54,2052.06,2024-08-11,Active
155,Zenith Power Bank v3,Accessories,Zenith,1464.63,2352.65,2020-07-08,Active
156,Pinnacle Implementation Consulting v1,Services,Pinnacle,152.92,348.86,2022-09-01,Active
157,ApexTech Implementation Consulting v3,Services,ApexTech,1181.2,2279.79,2020-06-26,Active
158,Zenith Noise-Canceling Headset v3,Accessories,Zenith,1738.82,3716.52,2020-06-04,Active
159,Vortex IT Support Contract v1,Services,Vortex,326.37,596.23,2024-12-19,Active
160,Aura IT Support Contract v5,Services,Aura,1156.72,2601.91,2024-01-21,Pending
161,Aura Server Blade v3,Hardware,Aura,77.33,120.27,2024-04-11,Discontinued
162,OmniSys IT Support Contract v4,Services,OmniSys,1742.33,3373.53,2024-07-08,Active
163,Vortex Pro Laptop v2,Hardware,Vortex,764.86,1368.9,2021-05-04,Active
164,ApexTech IT Support Contract v1,Services,ApexTech,328.05,715.4,2020-06-25,Active
165,Zenith Security Audit v3,Services,Zenith,981.61,1742.02,2024-04-26,Active
166,Zenith Wireless Mouse v5,Hardware,Zenith,239.56,498.69,2020-09-05,Active
167,Vortex IT Support Contract v1,Services,Vortex,802.62,1588.48,2021-07-31,Active
168,Aura Analytics Dashboard v4,Software,Aura,593.11,804.25,2020-07-31,Active
169,Zenith Analytics Dashboard v5,Software,Zenith,1074.51,1610.85,2020-07-30,Discontinued
170,Zenith IT Support Contract v1,Services,Zenith,1726.29,2166.48,2021-12-31,Active
171,Zenith Wireless Mouse v4,Hardware,Zenith,1155.33,2452.01,2023-06-08,Active
172,Titan USB-C Dock v4,Accessories,Titan,360.31,876.24,2021-01-07,Discontinued
173,Zenith IT Support Contract v5,Services,Zenith,1692.08,2565.72,2024-11-04,Active
174,Aura Mechanical Keyboard v2,Hardware,Aura,1496.69,2227.14,2022-02-03,Active
175,Vortex Server Blade v2,Hardware,Vortex,1813.73,3000.25,2024-12-03,Active
176,Vortex Antivirus License v1,Software,Vortex,363.53,508.48,2020-05-03,Active
177,Pinnacle Power Bank v5,Accessories,Pinnacle,1368.64,3211.74,2020-09-11,Active
178,Pinnacle Implementation Consulting v3,Services,Pinnacle,155.21,275.48,2023-07-26,Active
179,Nexus Wireless Mouse v1,Hardware,Nexus,634.61,1134.36,2024-12-18,Active
180,Nexus IT Support Contract v4,Services,Nexus,1237.72,2301.15,2024-10-22,Active
181,Vortex Mechanical Keyboard v2,Hardware,Vortex,656.62,1193.94,2024-06-12,Pending
182,Titan USB-C Dock v2,Accessories,Titan,1965.12,2573.58,2022-09-09,Active
183,OmniSys Power Bank v4,Accessories,OmniSys,740.52,1772.3,2022-03-21,Active
184,Titan IT Support Contract v4,Services,Titan,150.51,199.1,2021-09-26,Active
185,Nexus Antivirus License v3,Software,Nexus,1173.82,1624.4,2022-09-03,Active
186,Nexus Ergonomic Chair v3,Accessories,Nexus,632.97,1069.52,2022-01-11,Discontinued
187,Titan Mechanical Keyboard v2,Hardware,Titan,56.1,89.85,2022-04-05,Active
188,Vortex Ergonomic Chair v3,Accessories,Vortex,1999.95,2802.79,2023-05-14,Discontinued
189,ApexTech Server Blade v5,Hardware,ApexTech,1330.62,3112.73,2021-02-10,Active
190,OmniSys Ergonomic Chair v5,Accessories,OmniSys,378.08,794.23,2022-07-21,Discontinued
191,ApexTech Cloud Storage Plan v2,Software,ApexTech,833.5,1733.07,2023-11-21,Pending
192,Vortex Security Audit v4,Services,Vortex,1077.34,1726.23,2022-09-09,Discontinued
193,Pinnacle Antivirus License v4,Software,Pinnacle,934.13,1463.13,2020-08-13,Active
194,Vortex Ergonomic Chair v3,Accessories,Vortex,1606.49,2216.82,2020-01-29,Active
195,Nexus Noise-Canceling Headset v1,Accessories,Nexus,1428.57,2672.4,2023-11-24,Active
196,Pinnacle Antivirus License v4,Software,Pinnacle,1812.51,2522.2,2024-10-15,Active
197,Titan Cloud Storage Plan v4,Software,Titan,1862.33,3239.27,2020-11-06,Active
198,Nexus Cloud Storage Plan v1,Software,Nexus,762.33,942.73,2020-08-15,Discontinued
199,OmniSys Implementation Consulting v4,Services,OmniSys,95.84,229.31,2024-07-28,Active
200,Pinnacle Cloud Storage Plan v1,Software,Pinnacle,1238.39,2944.41,2021-10-24,Active
201,Nexus Cloud Storage Plan v1,Software,Nexus,1556.82,2349.14,2024-04-20,Active
202,Nexus Power Bank v5,Accessories,Nexus,239.5,569.22,2022-04-03,Active
203,Aura Analytics Dashboard v2,Software,Aura,869.89,1739.13,2021-02-15,Active
204,Titan SaaS Enterprise Suite v5,Software,Titan,154.01,290.14,2022-12-20,Active
205,Pinnacle Mechanical Keyboard v3,Hardware,Pinnacle,106.2,180.85,2020-08-01,Active
206,Nexus Wireless Mouse v1,Hardware,Nexus,702.71,1512.81,2022-01-28,Active
207,ApexTech Implementation Consulting v2,Services,ApexTech,717.55,1176.86,2023-02-22,Discontinued
208,OmniSys Power Bank v4,Accessories,OmniSys,1626.77,2085.57,2022-06-04,Active
209,Vortex SaaS Enterprise Suite v3,Software,Vortex,1773.86,2856.4,2021-05-05,Active
210,ApexTech Noise-Canceling Headset v3,Accessories,ApexTech,1511.52,2189.34,2023-09-23,Discontinued
211,Aura Wireless Mouse v4,Hardware,Aura,266.46,447.23,2024-08-14,Active
212,OmniSys Noise-Canceling Headset v5,Accessories,OmniSys,1002.48,1851.36,2022-07-28,Active
213,Nexus Mechanical Keyboard v2,Hardware,Nexus,872.6,2175.94,2024-07-01,Active
214,Nexus IT Support Contract v4,Services,Nexus,669.28,1060.36,2020-01-25,Active
215,Pinnacle Ergonomic Chair v3,Accessories,Pinnacle,716.06,898.7,2024-09-19,Active
216,ApexTech Noise-Canceling Headset v3,Accessories,ApexTech,168.58,342.01,2022-07-19,Active
217,OmniSys SaaS Enterprise Suite v4,Software,OmniSys,1700.37,3539.35,2020-11-17,Active
218,Titan Monitor 4K v1,Hardware,Titan,737.06,1794.23,2021-02-21,Active
219,Titan Noise-Canceling Headset v2,Accessories,Titan,899.0,1168.66,2022-04-01,Active
220,Aura Noise-Canceling Headset v2,Accessories,Aura,514.23,692.92,2020-12-24,Active
221,Aura USB-C Dock v2,Accessories,Aura,1554.43,3288.01,2020-11-28,Pending
222,Vortex Security Audit v4,Services,Vortex,262.82,606.77,2024-09-14,Active
223,Titan USB-C Dock v5,Accessories,Titan,1342.32,2848.94,2021-04-27,Active
224,OmniSys Implementation Consulting v1,Services,OmniSys,1591.52,2962.43,2022-04-26,Pending
225,Pinnacle Analytics Dashboard v3,Software,Pinnacle,72.04,138.33,2022-05-25,Active
226,Nexus SaaS Enterprise Suite v4,Software,Nexus,632.4,1580.67,2021-10-16,Active
227,OmniSys USB-C Dock v4,Accessories,OmniSys,1945.31,3958.78,2022-12-01,Active
228,OmniSys Implementation Consulting v5,Services,OmniSys,1540.21,2106.61,2021-09-24,Discontinued
229,OmniSys Pro Laptop v2,Hardware,OmniSys,622.17,877.61,2022-03-31,Active
230,Aura IT Support Contract v3,Services,Aura,408.68,998.51,2024-04-19,Active
231,OmniSys IT Support Contract v2,Services,OmniSys,1191.78,2329.74,2024-02-26,Active
232,ApexTech IT Support Contract v5,Services,ApexTech,180.82,439.96,2022-02-19,Active
233,ApexTech Cloud Storage Plan v3,Software,ApexTech,1006.12,2027.65,2020-06-06,Active
234,Vortex Security Audit v3,Services,Vortex,1613.28,3372.54,2020-10-13,Active
235,Pinnacle Monitor 4K v3,Hardware,Pinnacle,842.93,1520.46,2023-08-09,Active
236,Titan Managed Cloud v3,Services,Titan,1951.24,2673.19,2022-05-09,Active
237,Vortex Wireless Mouse v2,Hardware,Vortex,943.62,1460.45,2020-05-16,Active
238,Zenith Wireless Mouse v2,Hardware,Zenith,1731.04,3018.2,2020-01-12,Discontinued
239,OmniSys Implementation Consulting v4,Services,OmniSys,1006.57,1881.42,2022-11-02,Discontinued
240,Nexus USB-C Dock v2,Accessories,Nexus,1891.56,3512.77,2021-02-10,Active
241,ApexTech IT Support Contract v4,Services,ApexTech,577.09,1140.78,2022-03-24,Active
242,Zenith Pro Laptop v3,Hardware,Zenith,285.19,440.28,2021-05-17,Active
243,Zenith IT Support Contract v3,Services,Zenith,121.29,234.13,2023-10-04,Active
244,Pinnacle Mechanical Keyboard v5,Hardware,Pinnacle,1533.52,2397.87,2024-09-10,Active
245,Nexus Monitor 4K v3,Hardware,Nexus,799.93,1786.54,2023-08-21,Active
246,Vortex Implementation Consulting v1,Services,Vortex,1212.88,2088.34,2024-10-08,Active
247,Pinnacle Antivirus License v5,Software,Pinnacle,1048.28,1460.91,2020-01-31,Active
248,Zenith Implementation Consulting v3,Services,Zenith,1981.42,4282.08,2020-12-13,Active
249,Pinnacle Noise-Canceling Headset v1,Accessories,Pinnacle,1635.18,2745.25,2020-08-21,Pending
250,Pinnacle IT Support Contract v5,Services,Pinnacle,545.75,1120.03,2021-04-08,Active
251,Pinnacle Server Blade v5,Hardware,Pinnacle,357.61,721.56,2024-08-22,Active
252,Vortex Ergonomic Chair v1,Accessories,Vortex,82.51,200.72,2020-04-21,Active
253,Zenith Noise-Canceling Headset v4,Accessories,Zenith,319.83,670.89,2023-02-21,Active
254,OmniSys USB-C Dock v4,Accessories,OmniSys,1046.99,2019.8,2024-12-14,Active
255,Pinnacle Implementation Consulting v3,Services,Pinnacle,1826.01,3003.83,2024-09-12,Active
256,Vortex Security Audit v3,Services,Vortex,1915.53,2993.41,2021-04-05,Active
257,Vortex Managed Cloud v4,Services,Vortex,1386.68,2545.53,2023-08-28,Active
258,Nexus Managed Cloud v4,Services,Nexus,1155.48,2202.52,2021-01-30,Discontinued
259,ApexTech Antivirus License v3,Software,ApexTech,589.51,1254.7,2020-05-09,Discontinued
260,Vortex Security Audit v5,Services,Vortex,420.09,798.23,2022-08-15,Active
261,Vortex SaaS Enterprise Suite v5,Software,Vortex,500.07,1035.54,2023-02-06,Active
262,Nexus SaaS Enterprise Suite v1,Software,Nexus,838.34,1787.81,2020-05-03,Active
263,OmniSys SaaS Enterprise Suite v4,Software,OmniSys,825.68,1994.46,2023-01-16,Active
264,Titan Antivirus License v1,Software,Titan,585.12,747.15,2021-10-14,Active
265,OmniSys SaaS Enterprise Suite v1,Software,OmniSys,847.41,1939.63,2022-02-14,Pending
266,OmniSys Power Bank v3,Accessories,OmniSys,1874.49,4593.95,2020-11-15,Discontinued
267,Nexus Wireless Mouse v4,Hardware,Nexus,1858.34,3039.42,2023-01-03,Pending
268,Pinnacle Ergonomic Chair v3,Accessories,Pinnacle,560.22,1261.31,2024-10-05,Active
269,OmniSys Noise-Canceling Headset v3,Accessories,OmniSys,47.89,78.46,2023-06-16,Active
270,Zenith Analytics Dashboard v1,Software,Zenith,1657.44,3099.19,2021-04-25,Active
271,OmniSys Monitor 4K v1,Hardware,OmniSys,965.36,2332.86,2022-01-05,Active
272,Aura Cloud Storage Plan v5,Software,Aura,1908.99,3040.12,2021-05-19,Active
273,ApexTech Implementation Consulting v2,Services,ApexTech,1342.22,2422.73,2021-07-04,Active
274,Aura IT Support Contract v2,Services,Aura,747.74,1111.97,2023-07-04,Active
275,Zenith Noise-Canceling Headset v5,Accessories,Zenith,1409.84,3364.77,2020-03-18,Discontinued
276,Nexus Analytics Dashboard v3,Software,Nexus,1060.5,2000.77,2021-07-11,Active
277,Vortex Pro Laptop v3,Hardware,Vortex,1153.95,1609.54,2022-10-29,Discontinued
278,Vortex USB-C Dock v5,Accessories,Vortex,1439.5,2642.17,2023-07-03,Active
279,OmniSys Mechanical Keyboard v1,Hardware,OmniSys,1036.23,1858.83,2022-02-10,Active
280,Zenith IT Support Contract v2,Services,Zenith,523.83,630.65,2022-04-08,Active
281,Titan Mechanical Keyboard v1,Hardware,Titan,1406.76,2677.79,2021-05-09,Discontinued
282,ApexTech Mechanical Keyboard v2,Hardware,ApexTech,588.44,843.81,2020-12-01,Active
283,Zenith Noise-Canceling Headset v4,Accessories,Zenith,908.1,2172.4,2023-04-03,Active
284,Nexus Antivirus License v5,Software,Nexus,373.38,708.84,2020-04-30,Active
285,ApexTech SaaS Enterprise Suite v5,Software,ApexTech,1957.41,3527.07,2024-01-02,Active
286,Vortex Ergonomic Chair v2,Accessories,Vortex,932.04,1306.4,2021-11-22,Discontinued
287,Zenith Pro Laptop v1,Hardware,Zenith,1237.55,2991.29,2021-09-12,Active
288,ApexTech Pro Laptop v1,Hardware,ApexTech,903.95,1874.46,2023-12-01,Active
289,Pinnacle Mechanical Keyboard v1,Hardware,Pinnacle,483.99,717.49,2022-12-22,Active
290,Titan Implementation Consulting v3,Services,Titan,1163.4,2564.48,2022-08-06,Active
291,Zenith Analytics Dashboard v5,Software,Zenith,614.99,786.72,2021-12-08,Discontinued
292,Pinnacle Cloud Storage Plan v4,Software,Pinnacle,112.83,185.91,2021-11-23,Active
293,Zenith Security Audit v5,Services,Zenith,315.45,532.92,2020-03-14,Active
294,OmniSys Antivirus License v5,Software,OmniSys,1615.44,3859.55,2021-08-23,Active
295,Zenith Ergonomic Chair v1,Accessories,Zenith,500.86,733.43,2023-05-22,Discontinued
296,Vortex IT Support Contract v5,Services,Vortex,122.04,206.29,2022-10-16,Active
297,Vortex Monitor 4K v3,Hardware,Vortex,969.2,2258.54,2022-05-15,Active
298,Vortex Monitor 4K v4,Hardware,Vortex,1924.91,2603.46,2020-08-03,Discontinued
299,Vortex Cloud Storage Plan v4,Software,Vortex,1113.12,2457.96,2022-05-17,Active
300,Aura Managed Cloud v4,Services,Aura,732.1,1718.72,2022-12-26,Active
301,Vortex Noise-Canceling Headset v5,Accessories,Vortex,754.0,1310.53,2024-05-01,Discontinued
302,Aura SaaS Enterprise Suite v4,Software,Aura,1115.56,2185.65,2023-05-26,Active
303,Vortex Antivirus License v4,Software,Vortex,772.08,1762.95,2024-07-23,Active
304,Pinnacle Managed Cloud v4,Services,Pinnacle,1933.69,3933.52,2022-10-25,Active
305,OmniSys Implementation Consulting v5,Services,OmniSys,1446.22,2653.54,2020-03-26,Pending
306,ApexTech Server Blade v1,Hardware,ApexTech,1681.36,2180.1,2020-12-24,Active
307,Vortex Ergonomic Chair v2,Accessories,Vortex,154.58,215.85,2022-03-22,Active
308,Pinnacle IT Support Contract v5,Services,Pinnacle,1325.38,1617.56,2021-07-08,Active
309,Aura Pro Laptop v5,Hardware,Aura,1080.76,1699.71,2024-12-08,Discontinued
310,Nexus Ergonomic Chair v2,Accessories,Nexus,1837.74,3458.08,2022-04-04,Active
311,Aura Managed Cloud v4,Services,Aura,1593.97,2076.5,2020-04-28,Active
312,Aura Analytics Dashboard v1,Software,Aura,1374.4,3164.18,2020-12-02,Active
313,Pinnacle Power Bank v2,Accessories,Pinnacle,131.11,158.94,2023-09-12,Active
314,Nexus Noise-Canceling Headset v2,Accessories,Nexus,1791.69,4290.91,2022-12-10,Active
315,ApexTech Noise-Canceling Headset v3,Accessories,ApexTech,1849.84,3865.72,2022-09-01,Discontinued
316,Titan Monitor 4K v2,Hardware,Titan,51.0,74.93,2023-09-17,Active
317,Aura USB-C Dock v4,Accessories,Aura,341.65,516.78,2024-05-07,Active
318,OmniSys Security Audit v1,Services,OmniSys,1585.19,3322.72,2020-12-25,Active
319,Nexus IT Support Contract v3,Services,Nexus,885.43,2027.88,2023-04-11,Active
320,ApexTech Noise-Canceling Headset v4,Accessories,ApexTech,1275.56,2829.97,2024-11-26,Active
321,Zenith Security Audit v4,Services,Zenith,387.76,760.64,2021-08-13,Active
322,Nexus Implementation Consulting v2,Services,Nexus,182.44,255.5,2022-03-02,Active
323,Nexus Managed Cloud v4,Services,Nexus,201.21,488.1,2020-05-17,Active
324,OmniSys IT Support Contract v5,Services,OmniSys,192.85,339.47,2023-09-16,Active
325,ApexTech USB-C Dock v5,Accessories,ApexTech,197.45,379.2,2020-01-06,Active
326,ApexTech Security Audit v1,Services,ApexTech,597.86,1018.84,2024-06-03,Active
327,Zenith Analytics Dashboard v3,Software,Zenith,355.61,551.05,2024-07-30,Active
328,Zenith Monitor 4K v1,Hardware,Zenith,566.4,900.39,2021-09-04,Active
329,Vortex Cloud Storage Plan v1,Software,Vortex,926.57,1275.09,2023-02-05,Discontinued
330,Titan Security Audit v5,Services,Titan,891.64,1569.11,2023-09-01,Active
331,Pinnacle Implementation Consulting v3,Services,Pinnacle,642.08,1575.63,2020-08-05,Active
332,Titan Ergonomic Chair v4,Accessories,Titan,764.59,1729.08,2022-10-22,Active
333,ApexTech Analytics Dashboard v2,Software,ApexTech,1906.95,3432.72,2022-09-02,Active
334,Zenith IT Support Contract v3,Services,Zenith,1352.5,1867.71,2021-01-22,Active
335,Zenith Cloud Storage Plan v4,Software,Zenith,166.45,414.11,2022-07-22,Active
336,Titan USB-C Dock v5,Accessories,Titan,1409.24,3179.23,2024-04-24,Active
337,Vortex Pro Laptop v5,Hardware,Vortex,1322.05,2196.6,2022-08-18,Active
338,Zenith Noise-Canceling Headset v2,Accessories,Zenith,229.77,305.18,2023-06-22,Active
339,Titan Cloud Storage Plan v5,Software,Titan,794.45,1751.0,2022-10-10,Active
340,ApexTech Antivirus License v1,Software,ApexTech,975.89,1545.87,2023-06-04,Active
341,Aura Antivirus License v5,Software,Aura,699.27,1552.07,2022-07-07,Active
342,Pinnacle USB-C Dock v1,Accessories,Pinnacle,1449.55,2592.06,2024-09-18,Active
343,Titan Pro Laptop v2,Hardware,Titan,1302.98,2710.56,2021-01-30,Discontinued
344,OmniSys Analytics Dashboard v4,Software,OmniSys,675.36,1184.77,2021-08-19,Active
345,OmniSys Ergonomic Chair v1,Accessories,OmniSys,1288.15,2269.43,2023-07-30,Active
346,Zenith Cloud Storage Plan v2,Software,Zenith,789.89,1671.53,2023-03-23,Active
347,Nexus Server Blade v3,Hardware,Nexus,1603.01,3042.44,2021-06-24,Active
348,Aura USB-C Dock v3,Accessories,Aura,1347.99,2475.35,2024-11-03,Active
349,Titan USB-C Dock v2,Accessories,Titan,716.93,1287.05,2022-07-24,Discontinued
350,OmniSys IT Support Contract v1,Services,OmniSys,640.11,966.66,2023-06-15,Active
351,Zenith Cloud Storage Plan v4,Software,Zenith,1200.92,2338.49,2024-08-29,Active
352,Pinnacle Analytics Dashboard v4,Software,Pinnacle,591.89,854.23,2020-01-02,Active
353,Pinnacle IT Support Contract v5,Services,Pinnacle,290.34,656.1,2022-08-02,Active
354,Pinnacle Power Bank v4,Accessories,Pinnacle,842.95,1931.92,2022-06-10,Active
355,Aura Monitor 4K v3,Hardware,Aura,84.74,126.46,2021-10-15,Active
356,Nexus Power Bank v5,Accessories,Nexus,1153.97,1786.64,2023-08-28,Discontinued
357,Pinnacle IT Support Contract v1,Services,Pinnacle,1101.78,2739.81,2024-12-06,Active
358,ApexTech Antivirus License v1,Software,ApexTech,910.47,1505.14,2022-09-28,Active
359,Vortex Monitor 4K v3,Hardware,Vortex,1625.19,3192.36,2023-12-15,Discontinued
360,OmniSys Ergonomic Chair v1,Accessories,OmniSys,1574.0,3553.44,2023-10-04,Active
361,Titan Implementation Consulting v5,Services,Titan,1958.42,3095.14,2023-10-05,Active
362,Zenith Monitor 4K v2,Hardware,Zenith,1839.16,4579.94,2021-10-25,Active
363,OmniSys Analytics Dashboard v4,Software,OmniSys,1428.56,3252.87,2024-05-07,Active
364,Zenith Security Audit v1,Services,Zenith,914.94,1851.58,2024-01-10,Active
365,Pinnacle Managed Cloud v1,Services,Pinnacle,1901.5,3090.84,2021-06-11,Discontinued
366,Titan Mechanical Keyboard v4,Hardware,Titan,1703.21,3805.62,2020-09-20,Active
367,Pinnacle Ergonomic Chair v3,Accessories,Pinnacle,551.7,1256.14,2022-05-31,Active
368,Titan Cloud Storage Plan v1,Software,Titan,1790.43,3922.71,2024-05-20,Active
369,Nexus USB-C Dock v4,Accessories,Nexus,1860.28,2614.4,2022-11-07,Active
370,OmniSys Ergonomic Chair v3,Accessories,OmniSys,1766.65,2813.26,2020-10-17,Active
371,Nexus Managed Cloud v2,Services,Nexus,756.25,1796.05,2021-12-30,Active
372,Zenith Implementation Consulting v1,Services,Zenith,1317.86,2787.02,2022-08-22,Active
373,Vortex Monitor 4K v1,Hardware,Vortex,1048.5,1864.85,2021-11-28,Active
374,OmniSys Mechanical Keyboard v1,Hardware,OmniSys,965.85,1446.49,2021-09-10,Active
375,Titan Pro Laptop v4,Hardware,Titan,747.77,1188.23,2021-04-02,Active
376,Nexus Analytics Dashboard v2,Software,Nexus,1070.41,1296.28,2020-03-16,Active
377,Zenith Analytics Dashboard v2,Software,Zenith,1239.83,2200.82,2020-05-23,Active
378,Nexus Monitor 4K v4,Hardware,Nexus,1187.36,2017.61,2022-01-30,Active
379,Aura Analytics Dashboard v5,Software,Aura,1296.35,1973.84,2024-01-16,Active
380,Aura IT Support Contract v2,Services,Aura,426.78,848.87,2020-08-14,Active
381,Vortex IT Support Contract v4,Services,Vortex,999.88,1346.41,2023-11-15,Active
382,ApexTech Server Blade v2,Hardware,ApexTech,1974.03,4765.51,2023-07-11,Active
383,OmniSys Noise-Canceling Headset v1,Accessories,OmniSys,1530.2,3734.9,2024-11-23,Active
384,Aura Pro Laptop v4,Hardware,Aura,447.17,1072.92,2021-08-27,Active
385,Zenith Power Bank v5,Accessories,Zenith,183.21,347.65,2023-04-07,Active
386,Nexus Wireless Mouse v2,Hardware,Nexus,1032.38,1511.57,2024-03-15,Active
387,Aura USB-C Dock v2,Accessories,Aura,1403.38,3015.79,2023-05-26,Active
388,Nexus Mechanical Keyboard v3,Hardware,Nexus,917.68,1827.54,2022-01-28,Active
389,ApexTech SaaS Enterprise Suite v2,Software,ApexTech,1421.64,3002.43,2021-04-03,Active
390,OmniSys Managed Cloud v3,Services,OmniSys,756.3,1644.73,2020-01-18,Active
391,Titan Pro Laptop v1,Hardware,Titan,1618.07,2513.79,2020-11-27,Active
392,Pinnacle Mechanical Keyboard v5,Hardware,Pinnacle,1031.35,1311.95,2023-08-13,Active
393,Nexus Antivirus License v1,Software,Nexus,1790.65,3718.03,2021-11-10,Active
394,ApexTech Pro Laptop v4,Hardware,ApexTech,504.21,914.28,2021-06-30,Discontinued
395,Zenith SaaS Enterprise Suite v3,Software,Zenith,464.54,707.37,2024-05-28,Active
396,Titan Server Blade v1,Hardware,Titan,256.41,532.13,2023-12-14,Active
397,Nexus Mechanical Keyboard v3,Hardware,Nexus,1756.44,4085.2,2020-06-05,Active
398,Titan USB-C Dock v3,Accessories,Titan,417.33,806.68,2024-09-27,Active
399,Titan Cloud Storage Plan v2,Software,Titan,1191.55,2194.08,2022-02-13,Active
400,ApexTech Analytics Dashboard v5,Software,ApexTech,1866.15,2297.39,2021-01-12,Active
401,ApexTech Wireless Mouse v3,Hardware,ApexTech,1522.68,2572.05,2023-11-19,Active
402,Pinnacle Cloud Storage Plan v2,Software,Pinnacle,1923.15,4739.27,2021-02-18,Active
403,Vortex Pro Laptop v3,Hardware,Vortex,1796.63,3369.92,2023-12-14,Active
404,Nexus Server Blade v4,Hardware,Nexus,1020.75,2070.47,2024-07-08,Active
405,OmniSys Mechanical Keyboard v3,Hardware,OmniSys,488.81,752.42,2024-10-02,Discontinued
406,Titan Noise-Canceling Headset v2,Accessories,Titan,916.46,1378.08,2022-09-12,Active
407,Nexus Monitor 4K v4,Hardware,Nexus,345.46,623.86,2023-10-07,Active
408,Pinnacle Implementation Consulting v1,Services,Pinnacle,630.45,973.74,2024-04-17,Active
409,Vortex IT Support Contract v1,Services,Vortex,1675.13,2723.98,2023-08-18,Active
410,ApexTech Security Audit v2,Services,ApexTech,1360.82,2093.24,2024-08-29,Active
411,Vortex Power Bank v2,Accessories,Vortex,207.56,276.57,2023-10-17,Active
412,OmniSys Monitor 4K v1,Hardware,OmniSys,412.3,709.47,2021-05-09,Active
413,ApexTech IT Support Contract v4,Services,ApexTech,1994.38,2905.96,2024-01-14,Discontinued
414,Nexus Wireless Mouse v2,Hardware,Nexus,104.54,188.1,2023-10-30,Discontinued
415,Pinnacle Power Bank v2,Accessories,Pinnacle,78.37,163.65,2022-03-16,Active
416,Aura Antivirus License v5,Software,Aura,903.1,1258.22,2022-02-07,Active
417,Pinnacle Antivirus License v1,Software,Pinnacle,835.74,1601.19,2022-05-11,Active
418,Zenith Ergonomic Chair v5,Accessories,Zenith,414.93,975.11,2024-06-07,Active
419,Titan Mechanical Keyboard v3,Hardware,Titan,969.78,2148.9,2024-02-14,Discontinued
420,Aura Security Audit v2,Services,Aura,376.04,607.13,2022-01-13,Active
421,Pinnacle IT Support Contract v2,Services,Pinnacle,1068.28,2346.9,2022-05-03,Pending
422,Vortex Monitor 4K v1,Hardware,Vortex,547.72,1238.49,2023-09-28,Active
423,Titan Cloud Storage Plan v2,Software,Titan,1871.71,4658.69,2020-08-28,Active
424,ApexTech Managed Cloud v5,Services,ApexTech,1412.84,2341.34,2022-06-06,Active
425,Aura Cloud Storage Plan v1,Software,Aura,367.6,459.26,2021-12-29,Active
426,Pinnacle SaaS Enterprise Suite v2,Software,Pinnacle,21.35,51.1,2022-04-24,Discontinued
427,Titan Implementation Consulting v2,Services,Titan,137.92,191.99,2022-11-09,Active
428,Titan IT Support Contract v5,Services,Titan,1414.99,2915.99,2022-09-20,Active
429,OmniSys Managed Cloud v4,Services,OmniSys,1952.2,4201.25,2024-08-05,Active
430,OmniSys Noise-Canceling Headset v5,Accessories,OmniSys,1420.22,2741.83,2020-09-07,Active
431,Zenith Analytics Dashboard v2,Software,Zenith,627.51,1314.66,2021-03-05,Active
432,Zenith Server Blade v5,Hardware,Zenith,1704.5,3753.44,2021-04-13,Active
433,Nexus Implementation Consulting v1,Services,Nexus,1874.64,2592.32,2021-12-19,Active
434,Nexus Implementation Consulting v3,Services,Nexus,1646.89,3410.76,2023-04-05,Active
435,Vortex Implementation Consulting v1,Services,Vortex,1392.49,2305.44,2021-04-19,Active
436,Pinnacle Mechanical Keyboard v4,Hardware,Pinnacle,1470.52,3617.23,2021-10-26,Active
437,Zenith Noise-Canceling Headset v5,Accessories,Zenith,220.83,402.65,2020-07-18,Active
438,Pinnacle Analytics Dashboard v3,Software,Pinnacle,165.94,381.58,2023-07-12,Active
439,Nexus IT Support Contract v2,Services,Nexus,696.78,1640.44,2023-06-20,Active
440,Pinnacle Wireless Mouse v2,Hardware,Pinnacle,1414.92,2491.28,2022-10-25,Active
441,ApexTech Ergonomic Chair v2,Accessories,ApexTech,220.49,323.51,2024-08-12,Active
442,Aura Managed Cloud v5,Services,Aura,490.35,620.06,2023-12-18,Active
443,ApexTech Ergonomic Chair v3,Accessories,ApexTech,734.44,1289.59,2023-07-15,Discontinued
444,Nexus Ergonomic Chair v3,Accessories,Nexus,70.96,100.91,2020-07-12,Pending
445,Aura USB-C Dock v3,Accessories,Aura,1574.06,2852.56,2021-10-04,Active
446,Titan Ergonomic Chair v4,Accessories,Titan,1773.28,2979.5,2023-07-29,Active
447,Aura Power Bank v1,Accessories,Aura,467.96,724.93,2023-04-25,Active
448,Titan Pro Laptop v5,Hardware,Titan,1620.2,2816.2,2024-12-19,Active
449,Zenith Mechanical Keyboard v4,Hardware,Zenith,1931.94,4043.91,2020-03-01,Active
450,Aura Cloud Storage Plan v1,Software,Aura,176.33,418.54,2024-11-23,Active
451,Pinnacle SaaS Enterprise Suite v2,Software,Pinnacle,362.3,898.39,2023-03-27,Discontinued
452,Zenith SaaS Enterprise Suite v2,Software,Zenith,175.17,365.77,2024-01-21,Pending
453,Titan Antivirus License v1,Software,Titan,1823.39,4355.03,2020-01-19,Active
454,Aura Noise-Canceling Headset v1,Accessories,Aura,1048.98,2509.49,2022-12-28,Active
455,Zenith USB-C Dock v5,Accessories,Zenith,316.29,612.52,2022-07-16,Active
456,Nexus Pro Laptop v3,Hardware,Nexus,1575.78,3667.97,2023-04-26,Discontinued
457,Pinnacle Security Audit v2,Services,Pinnacle,1152.61,2091.94,2023-07-25,Active
458,ApexTech Cloud Storage Plan v2,Software,ApexTech,803.67,1882.71,2024-07-30,Active
459,Titan Noise-Canceling Headset v3,Accessories,Titan,60.06,135.89,2024-08-23,Active
460,Vortex USB-C Dock v4,Accessories,Vortex,286.08,705.61,2021-11-16,Active
461,Zenith Managed Cloud v4,Services,Zenith,1217.86,1602.79,2024-02-25,Active
462,Titan Power Bank v2,Accessories,Titan,1645.61,3077.04,2021-11-12,Active
463,ApexTech Ergonomic Chair v2,Accessories,ApexTech,364.0,850.94,2022-04-27,Discontinued
464,Pinnacle SaaS Enterprise Suite v2,Software,Pinnacle,120.11,200.4,2023-09-16,Active
465,Nexus Power Bank v4,Accessories,Nexus,1368.73,2072.97,2024-02-17,Active
466,Titan Cloud Storage Plan v3,Software,Titan,701.61,1605.95,2020-03-31,Active
467,ApexTech Wireless Mouse v5,Hardware,ApexTech,785.4,1108.81,2023-04-23,Active
468,Vortex Analytics Dashboard v4,Software,Vortex,1361.84,2110.59,2022-11-10,Active
469,OmniSys Mechanical Keyboard v1,Hardware,OmniSys,1301.8,2579.5,2023-06-10,Active
470,Zenith Managed Cloud v4,Services,Zenith,1793.06,4136.7,2021-05-27,Active
471,Zenith Noise-Canceling Headset v3,Accessories,Zenith,1177.28,1423.98,2023-12-23,Active
472,Nexus Managed Cloud v3,Services,Nexus,973.84,1594.34,2021-01-31,Active
473,Aura Managed Cloud v2,Services,Aura,392.95,735.79,2024-07-17,Discontinued
474,OmniSys Noise-Canceling Headset v3,Accessories,OmniSys,1448.14,2971.61,2020-03-24,Active
475,Zenith Power Bank v5,Accessories,Zenith,1478.73,2895.25,2023-05-09,Discontinued
476,Pinnacle Implementation Consulting v5,Services,Pinnacle,1814.92,3763.11,2024-10-19,Active
477,Aura Analytics Dashboard v3,Software,Aura,213.25,291.37,2020-03-25,Active
478,Nexus Antivirus License v3,Software,Nexus,460.06,685.64,2020-09-17,Active
479,Aura Managed Cloud v1,Services,Aura,1179.43,2126.38,2023-08-24,Active
480,Vortex Mechanical Keyboard v4,Hardware,Vortex,1010.95,2353.24,2021-02-25,Active
481,OmniSys USB-C Dock v4,Accessories,OmniSys,291.98,426.4,2023-12-05,Pending
482,Titan Ergonomic Chair v1,Accessories,Titan,1727.54,2478.09,2021-07-18,Active
483,ApexTech Antivirus License v2,Software,ApexTech,29.33,45.63,2020-06-05,Active
484,Nexus Cloud Storage Plan v4,Software,Nexus,276.22,487.2,2022-03-19,Active
485,ApexTech Power Bank v3,Accessories,ApexTech,94.7,138.19,2023-03-23,Pending
486,ApexTech Implementation Consulting v2,Services,ApexTech,1359.96,2739.9,2022-10-14,Active
487,OmniSys Managed Cloud v3,Services,OmniSys,223.36,414.18,2021-10-19,Active
488,Aura Wireless Mouse v5,Hardware,Aura,922.73,1731.39,2023-11-13,Active
489,Pinnacle Antivirus License v4,Software,Pinnacle,731.32,1056.72,2022-10-12,Active
490,Vortex Analytics Dashboard v2,Software,Vortex,1473.47,2897.73,2022-11-14,Active
491,Aura Mechanical Keyboard v5,Hardware,Aura,1547.07,3109.73,2023-03-23,Pending
492,ApexTech Pro Laptop v4,Hardware,ApexTech,1385.7,2413.62,2022-05-14,Active
493,OmniSys Security Audit v1,Services,OmniSys,426.88,892.8,2023-08-02,Active
494,Aura Server Blade v4,Hardware,Aura,1253.14,2645.31,2022-02-22,Discontinued
495,Nexus Server Blade v4,Hardware,Nexus,579.76,1287.18,2020-09-11,Active
496,Vortex Antivirus License v2,Software,Vortex,728.69,1262.59,2024-01-01,Active
497,Pinnacle Ergonomic Chair v1,Accessories,Pinnacle,674.6,811.92,2020-03-01,Discontinued
498,Nexus Ergonomic Chair v1,Accessories,Nexus,1563.46,2028.69,2024-08-02,Discontinued
499,Aura Cloud Storage Plan v2,Software,Aura,542.97,686.91,2020-06-10,Discontinued
500,Titan Managed Cloud v1,Services,Titan,863.47,1166.26,2022-12-23,Active
